{
  "LaneLines": {
    "red": 255,
    "green": 0,
    "blue": 0,
    "alpha": 255
  },
  "LeadMarker": {
    "red": 255,
    "green": 0,
    "blue": 0,
    "alpha": 255
  },
  "Path": {
    "red": 255,
    "green": 0,
    "blue": 0,
    "alpha": 255
  },
  "PathEdge": {
    "red": 204,
    "green": 0,
    "blue": 0,
    "alpha": 255
  },
  "RoadEdges": {
    "red": 255,
    "green": 0,
    "blue": 0,
    "alpha": 255
  },
  "Sidebar1": {
    "red": 255,
    "green": 0,
    "blue": 0,
    "alpha": 255
  },
  "Sidebar2": {
    "red": 255,
    "green": 0,
    "blue": 0,
    "alpha": 255
  },
  "Sidebar3": {
    "red": 255,
    "green": 0,
    "blue": 0,
    "alpha": 255
  }
}
